1,Andy,Fullegar,afullegar0@wsj.com,Female,Henry Gordon Academy,Sands of Iwo Jima
2,Lucy,Olifard,lolifard1@macromedia.com,,Lake Melville School,Connections
3,Brianne,Reaman,breaman2@clickbank.net,,Menihek High School,
4,Lorrie,Fison,lfison3@nationalgeographic.com,Male,J.C. Erhardt Memorial School,She Cried No (Freshman Fall)
5,Alyss,Harcombe,aharcombe4@toplist.cz,Female,Amos Comenius Memorial School,Big Nothing
6,Cirillo,Ferby,cferby5@cbsnews.com,,Northern Lights Academy,Opera Jawa
7,Sandor,,shylands6@rambler.ru,Male,Menihek High School,My Chauffeur
8,Lev,Boyford,lboyford7@zdnet.com,Male,Lake Melville School,
9,Gram,Mecchi,gmecchi8@mysql.com,Male,William Gillett Academy,Keane
10,Glenine,Blakey,gblakey9@whitehouse.gov,Female,Queen of Peace Middle School,Connections
11,Grady,Diggins,gdigginsa@youtu.be,Male,William Gillett Academy,Genghis Blues
12,Edlin,Cotterel,ecotterelb@blinklist.com,Male,St. Peter's School,
13,Abraham,Crothers,acrothersc@comsenz.com,Male,Menihek High School,She Cried No (Freshman Fall)
14,Hedwig,Englefield,henglefieldd@mapquest.com,Female,Northern Lights Academy,
15,Chrisse,Blackburne,cblackburnee@geocities.jp,Male,St. Peter's School,Sands of Iwo Jima
16,Estelle,Tatteshall,etatteshallf@archive.org,Female,Menihek High School,Basic Instinct
17,Robinet,Godbert,rgodbertg@geocities.com,Male,Henry Gordon Academy,Opera Jawa
18,Hadrian,Dunaway,hdunawayh@cnbc.com,Male,Mud Lake School,
19,Dominik,Barrick,dbarricki@amazon.com,Male,William Gillett Academy,Basic Instinct
20,Caitlin,Whapham,cwhaphamj@cnn.com,Female,Queen of Peace Middle School,
21,Theodore,Gentric,tgentrick@free.fr,,B.L. Morrison,Big Nothing
22,Lurleen,Stickler,lsticklerl@whitehouse.gov,Female,Northern Lights Academy,
23,Hasheem,Got,hgotm@cnn.com,Male,Amos Comenius Memorial School,
24,Johnette,Shaudfurth,jshaudfurthn@yandex.ru,Female,William Gillett Academy,Billy Bathgate
25,Angel,Souter,asoutero@europa.eu,,Menihek High School,
26,Montgomery,Balm,mbalmp@ftc.gov,,Queen of Peace Middle School,Sands of Iwo Jima
27,Frank,Tilney,ftilneyq@wix.com,,Northern Lights Academy,
28,Ianthe,Merigeau,imerigeaur@eepurl.com,Female,St. Peter's School,My Chauffeur
29,Monica,Pasquale,mpasquales@home.pl,Female,Jens Haven Memorial,Big Nothing
30,Belicia,Cardillo,bcardillot@multiply.com,Female,,
31,Basil,Yedy,byedyu@free.fr,,Henry Gordon Academy,My Chauffeur
32,Milzie,Gyurkovics,mgyurkovicsv@gizmodo.com,Female,Henry Gordon Academy,Connections
33,Tierney,Moulsdall,tmoulsdallw@stanford.edu,Female,St. Peter's School,Billy Bathgate
34,Petey,Ovesen,povesenx@blogtalkradio.com,,Lake Melville School,
35,Nola,Stappard,nstappardy@imageshack.us,Female,Queen of Peace Middle School,Basic Instinct
36,Durant,Becken,dbeckenz@blinklist.com,Male,B.L. Morrison,She Cried No (Freshman Fall)
37,Otis,Bediss,obediss10@google.com.au,,Mud Lake School,
38,Diane-marie,Tommen,dtommen11@ask.com,Female,,
39,Lotte,Clell,lclell12@rambler.ru,,Peacock Primary School,Billy Bathgate
40,Sherwin,Pert,spert13@uiuc.edu,Male,,Opera Jawa
41,Anallese,Thireau,athireau14@omniture.com,Female,Henry Gordon Academy,
42,Chancey,Lehr,clehr15@prlog.org,,William Gillett Academy,
43,Tristam,Oram,toram16@berkeley.edu,Male,St. Peter's School,Keane
44,Niel,MacGaughey,nmacgaughey17@discuz.net,Male,,My Chauffeur
45,Koo,Favela,kfavela18@com.com,Female,Lake Melville School,
46,Roger,Sterre,rsterre19@github.com,Male,,Genghis Blues
47,Dalston,Alway,dalway1a@creativecommons.org,Male,Henry Gordon Academy,Big Nothing
48,Ryley,Gostridge,rgostridge1b@un.org,Male,,Basic Instinct
49,Loralee,Panton,lpanton1c@wsj.com,Female,St. Peter's School,
50,Lainey,Crossfield,lcrossfield1d@yolasite.com,,Henry Gordon Academy,Keane
